Weapon_Lsword_001;旅人双手剑;旅人雙手劍
Weapon_Lsword_002;士兵双手剑;士兵雙手劍
Weapon_Lsword_003;骑士双手剑;騎士雙手劍
Weapon_Lsword_019;莫力布林之骨
Weapon_Lsword_020;生锈的双手剑;生鏽的雙手劍
Weapon_Lsword_024;王族双手剑;王族雙手劍
Weapon_Lsword_027;卓拉大剑;卓拉大劍
Weapon_Lsword_029;格鲁德双手剑;格魯德雙手劍
Weapon_Lsword_036;劈石剑;劈石劍
Weapon_Lsword_038;船桨;船槳
Weapon_Lsword_041;戒心长刀;戒心長刀
Weapon_Lsword_045;农用锄头;農用鋤頭
Weapon_Lsword_047;近卫双手剑;近衛雙手劍
Weapon_Lsword_051;大回旋镖;大迴旋鏢
Weapon_Lsword_054;碎岩巨剑;碎岩巨劍
Weapon_Lsword_057;黄昏之大剑;黃昏之大劍
Weapon_Lsword_059;大鼓隆之剑;大鼓隆之劍
Weapon_Lsword_060;鬼神大剑;鬼神大劍
Weapon_Lsword_101;左纳尼乌姆之大剑;左納尼烏姆之大劍
Weapon_Lsword_103;粗棒
Weapon_Lsword_106;旅人双手剑;旅人雙手劍
Weapon_Lsword_108;结实粗棒;結實粗棒
Weapon_Lsword_109;多节粗棒;多節粗棒
Weapon_Lsword_112;士兵双手剑;士兵雙手劍
Weapon_Lsword_113;骑士双手剑;騎士雙手劍
Weapon_Lsword_114;戒心长刀;戒心長刀
Weapon_Lsword_124;王族双手剑;王族雙手劍
Weapon_Lsword_127;卓拉大剑;卓拉大劍
Weapon_Lsword_129;格鲁德双手剑;格魯德雙手劍
Weapon_Lsword_136;劈石剑;劈石劍
Weapon_Lsword_147;近卫双手剑;近衛雙手劍
Weapon_Lsword_161;魔法大杖
Weapon_Lsword_163;左纳尼乌姆之强大剑;左納尼烏姆之強大劍
Weapon_Lsword_164;左纳尼乌姆之刚大剑;左納尼烏姆之剛大劍
Weapon_Lsword_166;瘴气金属棒;瘴氣金屬棒
Weapon_Lsword_168;粗棒
Weapon_Lsword_174;大回旋镖;大迴旋鏢
Weapon_Spear_001;旅人之枪;旅人之槍
Weapon_Spear_002;士兵之枪;士兵之槍
Weapon_Spear_003;骑士之枪;騎士之槍
Weapon_Spear_021;生锈的枪;生鏽的槍
Weapon_Spear_022;农用钉耙;農用釘耙
Weapon_Spear_024;王族之枪;王族之槍
Weapon_Spear_025;森民之枪;森民之槍
Weapon_Spear_027;卓拉之枪;卓拉之槍
Weapon_Spear_029;格鲁德之枪;格魯德之槍
Weapon_Spear_030;投枪;投槍
Weapon_Spear_032;斩风羽枪;斬風羽槍
Weapon_Spear_036;木拖把
Weapon_Spear_038;渔夫的鱼叉;漁夫的魚叉
Weapon_Spear_047;近卫之枪;近衛之槍
Weapon_Spear_050;光鳞之枪;光鱗之槍
Weapon_Spear_101;左纳尼乌姆之枪;左納尼烏姆之槍
Weapon_Spear_103;长棒;長棒
Weapon_Spear_106;旅人之枪;旅人之槍
Weapon_Spear_108;结实长棒;結實長棒
Weapon_Spear_109;多节长棒;多節長棒
Weapon_Spear_112;士兵之枪;士兵之槍
Weapon_Spear_113;骑士之枪;騎士之槍
Weapon_Spear_124;王族之枪;王族之槍
Weapon_Spear_125;森民之枪;森民之槍
Weapon_Spear_127;卓拉之枪;卓拉之槍
Weapon_Spear_129;格鲁德之枪;格魯德之槍
Weapon_Spear_132;斩风羽枪;斬風羽槍
Weapon_Spear_147;近卫之枪;近衛之槍
Weapon_Spear_161;魔法长杖;魔法長杖
Weapon_Spear_163;左纳尼乌姆之强枪;左納尼烏姆之強槍
Weapon_Spear_164;左纳尼乌姆之刚枪;左納尼烏姆之剛槍
Weapon_Spear_166;瘴气之枪;瘴氣之槍
Weapon_Spear_168;长棒;長棒
Weapon_Spear_173;投枪;投槍
Weapon_Sword_001;旅人之剑;旅人之劍
Weapon_Sword_002;士兵之剑;士兵之劍
Weapon_Sword_003;骑士之剑;騎士之劍
Weapon_Sword_019;波克布林之骨
Weapon_Sword_020;蜥蜴战士之骨;蜥蜴戰士之骨
Weapon_Sword_021;生锈的剑;生鏽的劍
Weapon_Sword_022;木汤勺;木湯勺
Weapon_Sword_024;王族之剑;王族之劍
Weapon_Sword_025;森民之剑;森民之劍
Weapon_Sword_027;卓拉之剑;卓拉之劍
Weapon_Sword_029;格鲁德匕首;格魯德匕首
Weapon_Sword_031;斩风羽剑;斬風羽劍
Weapon_Sword_041;戒心小刀
Weapon_Sword_043;火把
Weapon_Sword_044;木枝
Weapon_Sword_047;近卫之剑;近衛之劍
Weapon_Sword_051;回旋镖;迴旋鏢
Weapon_Sword_052;七宝匕首;七寶匕首
Weapon_Sword_057;天空的白刃剑;天空的白刃劍
Weapon_Sword_058;初始之剑;初始之劍
Weapon_Sword_059;海风回旋镖;海風迴旋鏢
Weapon_Sword_070;大师之剑;大師之劍
Weapon_Sword_070_Broken;腐朽的大师之剑;腐朽的大師之劍
Weapon_Sword_101;左纳尼乌姆之剑;左納尼烏姆之劍
Weapon_Sword_103;木棒
Weapon_Sword_105;回旋镖;迴旋鏢
Weapon_Sword_106;旅人之剑;旅人之劍
Weapon_Sword_107;蜥蜴回旋镖;蜥蜴迴旋鏢
Weapon_Sword_108;结实木棒;結實木棒
Weapon_Sword_109;多节木棒;多節木棒
Weapon_Sword_112;士兵之剑;士兵之劍
Weapon_Sword_113;骑士之剑;騎士之劍
Weapon_Sword_114;戒心小刀
Weapon_Sword_124;王族之剑;王族之劍
Weapon_Sword_125;森民之剑;森民之劍
Weapon_Sword_127;卓拉之剑;卓拉之劍
Weapon_Sword_129;格鲁德匕首;格魯德匕首
Weapon_Sword_131;斩风羽剑;斬風羽劍
Weapon_Sword_147;近卫之剑;近衛之劍
Weapon_Sword_161;魔法杖
Weapon_Sword_163;左纳尼乌姆之强剑;左納尼烏姆之強劍
Weapon_Sword_164;左纳尼乌姆之刚剑;左納尼烏姆之剛劍
Weapon_Sword_166;瘴气之剑;瘴氣之劍
Weapon_Sword_167;木枝
Weapon_Sword_168;木棒
Weapon_Bow_001;旅人之弓
Weapon_Bow_002;士兵之弓
Weapon_Bow_003;尖刺波克弓
Weapon_Bow_004;波克弓
Weapon_Bow_006;蜥蜴弓
Weapon_Bow_009;莱尼尔之弓;萊尼爾之弓
Weapon_Bow_011;强力蜥蜴弓;強力蜥蜴弓
Weapon_Bow_013;森民之弓
Weapon_Bow_014;卓拉之弓
Weapon_Bow_015;格鲁德之弓;格魯德之弓
Weapon_Bow_016;飞燕弓;飛燕弓
Weapon_Bow_017;游隼弓;遊隼弓
Weapon_Bow_026;兽王弓;獸王弓
Weapon_Bow_027;龙骨波克弓;龍骨波克弓
Weapon_Bow_028;大鹫弓;大鷲弓
Weapon_Bow_029;一心之弓
Weapon_Bow_030;钢铁蜥蜴弓;鋼鐵蜥蜴弓
Weapon_Bow_032;兽神弓;獸神弓
Weapon_Bow_033;近卫之弓;近衛之弓
Weapon_Bow_035;骑士之弓;騎士之弓
Weapon_Bow_036;王族之弓
Weapon_Bow_038;木之弓
Weapon_Bow_040;二连弓;二連弓
Weapon_Bow_072;黄昏之弓;黃昏之弓
Weapon_Bow_101;左纳尼乌姆之弓;左納尼烏姆之弓
Weapon_Bow_104;魔像之弓
Weapon_Bow_105;魔像之强弓;魔像之強弓
Weapon_Bow_106;魔像之刚弓;魔像之剛弓
Weapon_Bow_107;残旧的木之弓;殘舊的木之弓
Weapon_Bow_166;魔王之弓
Weapon_Shield_001;木盾
Weapon_Shield_002;士兵盾
Weapon_Shield_003;骑士盾;騎士盾
Weapon_Shield_004;波克盾
Weapon_Shield_005;尖刺波克盾
Weapon_Shield_006;龙骨波克盾;龍骨波克盾
Weapon_Shield_007;蜥蜴盾
Weapon_Shield_008;强力蜥蜴盾;強力蜥蜴盾
Weapon_Shield_009;钢铁蜥蜴盾;鋼鐵蜥蜴盾
Weapon_Shield_016;莱尼尔盾;萊尼爾盾
Weapon_Shield_017;兽王盾;獸王盾
Weapon_Shield_018;兽神盾;獸神盾
Weapon_Shield_021;生锈的盾;生鏽的盾
Weapon_Shield_022;王族盾
Weapon_Shield_023;森民盾
Weapon_Shield_025;卓拉盾
Weapon_Shield_026;格鲁德盾;格魯德盾
Weapon_Shield_030;海利亚盾;海利亞盾
Weapon_Shield_031;兔纹盾;兔紋盾
Weapon_Shield_032;鱼纹盾;魚紋盾
Weapon_Shield_033;近卫盾;近衛盾
Weapon_Shield_034;兽纹盾;獸紋盾
Weapon_Shield_035;旅人盾
Weapon_Shield_036;太阳盾;太陽盾
Weapon_Shield_037;七宝盾;七寶盾
Weapon_Shield_040;锅盖;鍋蓋
Weapon_Shield_041;护心盾;護心盾
Weapon_Shield_042;风筝盾;風箏盾
Weapon_Shield_057;海风盾;海風盾
Weapon_Shield_101;左纳尼乌姆之盾;左納尼烏姆之盾
Weapon_Shield_102;左纳尼乌姆之硬盾;左納尼烏姆之硬盾
Weapon_Shield_103;左纳尼乌姆之坚盾;左納尼烏姆之堅盾
Weapon_Shield_107;残旧的木盾;殘舊的木盾
Armor_001_Head;海利亚兜帽;海利亞兜帽
Armor_001_Lower;海利亚裤子;海利亞褲子
Armor_001_Upper;海利亚服;海利亞服
Armor_005_Head;旷野之勇者帽子;曠野之勇者帽子
Armor_005_Lower;旷野之勇者裤子;曠野之勇者褲子
Armor_005_Upper;旷野之勇者服;曠野之勇者服
Armor_006_Head;卓拉头盔;卓拉頭盔
Armor_006_Lower;卓拉护胫;卓拉護脛
Armor_006_Upper;卓拉铠甲;卓拉鎧甲
Armor_008_Head;热沙护额;熱沙護額
Armor_008_Lower;热沙裤子;熱沙褲子
Armor_008_Upper;热沙护肩;熱沙護肩
Armor_009_Head;防雪羽饰;防雪羽飾
Armor_009_Lower;利特的羽绒裤;利特的羽絨褲
Armor_009_Upper;利特的羽绒服;利特的羽絨服
Armor_011_Head;耐火石盔
Armor_011_Lower;耐火石鞋
Armor_011_Upper;耐火石铠;耐火石鎧
Armor_012_Head;潜行面罩;潛行面罩
Armor_012_Lower;潜行紧身裤;潛行緊身褲
Armor_012_Upper;潜行紧身服;潛行緊身服
Armor_014_Head;攀登头巾;攀登頭巾
Armor_014_Lower;攀登鞋
Armor_014_Upper;攀登护手;攀登護手
Armor_017_Head;夜光面罩
Armor_017_Lower;夜光紧身裤;夜光緊身褲
Armor_017_Upper;夜光紧身服;夜光緊身服
Armor_020_Head;海利亚士兵头盔;海利亞士兵頭盔
Armor_020_Lower;海利亚士兵护胫;海利亞士兵護脛
Armor_020_Upper;海利亚士兵铠甲;海利亞士兵鎧甲
Armor_022_Head;波克布林面罩
Armor_024_Head;钻石头饰;鑽石頭飾
Armor_025_Head;红宝石头饰;紅寶石頭飾
Armor_026_Head;蓝宝石头饰;藍寶石頭飾
Armor_027_Head;黄玉耳坠;黃玉耳墜
Armor_028_Head;蛋白石耳坠;蛋白石耳墜
Armor_029_Head;琥珀耳坠;琥珀耳墜
Armor_045_Head;莫力布林面罩
Armor_046_Head;橡胶头盔;橡膠頭盔
Armor_046_Lower;橡胶紧身裤;橡膠緊身褲
Armor_046_Upper;橡胶紧身服;橡膠緊身服
Armor_048_Head;蛮族头盔;蠻族頭盔
Armor_048_Lower;蛮族短裤;蠻族短褲
Armor_048_Upper;蛮族服;蠻族服
Armor_049_Lower;沙地靴
Armor_055_Head;蜥蜴战士面罩;蜥蜴戰士面罩
Armor_056_Head;莱尼尔面罩;萊尼爾面罩
Armor_1006_Head;滑翔面罩
Armor_1006_Lower;滑翔紧身裤;滑翔緊身褲
Armor_1006_Upper;滑翔紧身服;滑翔緊身服
Armor_1036_Head;古代勇者之魂
Armor_1043_Lower;残旧的鞋子;殘舊的鞋子
Armor_1043_Upper;残旧的外衣;殘舊的外衣
Armor_1044_Lower;残旧的防寒服;殘舊的防寒服
Armor_1046_Head;蛙之头巾;蛙之頭巾
Armor_1046_Lower;蛙之足袋
Armor_1046_Upper;蛙之手甲
Armor_1051_Head;采矿面罩;採礦面罩
Armor_1051_Lower;采矿裤子;採礦褲子
Armor_1051_Upper;采矿服;採礦服
Armor_1061_Head;火焰头饰;火焰頭飾
Armor_1061_Lower;火焰裤子;火焰褲子
Armor_1061_Upper;火焰服
Armor_1066_Head;雷光头饰;雷光頭飾
Armor_1066_Lower;雷光裤子;雷光褲子
Armor_1066_Upper;雷光服
Armor_1071_Head;暴风雪头饰;暴風雪頭飾
Armor_1071_Lower;暴风雪裤子;暴風雪褲子
Armor_1071_Upper;暴风雪服;暴風雪服
Armor_1076_Head;萨格诺帽子;薩格諾帽子
Armor_1086_Head;精灵头帽;精靈頭帽
Armor_1086_Lower;精灵裤;精靈褲
Armor_1086_Upper;精灵服;精靈服
Armor_1091_Head;左纳尼乌姆之头盔;左納尼烏姆之頭盔
Armor_1091_Lower;左纳尼乌姆之护膝;左納尼烏姆之護膝
Armor_1091_Upper;左纳尼乌姆之前挂;左納尼烏姆之前掛
Armor_1096_Head;织梦之勇者面具;織夢之勇者面具
Armor_1096_Lower;织梦之勇者裤子;織夢之勇者褲子
Armor_1096_Upper;织梦之勇者服;織夢之勇者服
Armor_1106_Upper;新式·英杰服;新式‧英傑服
Armor_1125_Head;霍拉布林面罩
Armor_1141_Head;暗黑头巾;暗黑頭巾
Armor_1141_Lower;暗黑绑腿;暗黑綁腿
Armor_1141_Upper;暗黑服
Armor_1151_Head;残旧的发夹;殘舊的髮夾
Armor_1152_Head;海利亚兜帽;海利亞兜帽
Armor_115_Head;护雷头盔;護雷頭盔
Armor_116_Upper;回忆服;回憶服
Armor_1300_Head;依盖队面罩;依蓋隊面罩
Armor_1300_Lower;依盖队紧身裤;依蓋隊緊身褲
Armor_1300_Upper;依盖队紧身服;依蓋隊緊身服
Armor_141_Lower;雪地靴
Armor_160_Head;黑暗头套;黑暗頭套
Armor_160_Lower;黑暗裤子;黑暗褲子
Armor_160_Upper;黑暗外衣
Armor_171_Head;幻影头盔;幻影頭盔
Armor_171_Lower;幻影护胫;幻影護脛
Armor_171_Upper;幻影铠甲;幻影鎧甲
Armor_172_Head;魔吉拉的面具
Armor_173_Head;米多娜的王冠
Armor_174_Head;汀空的头巾;汀空的頭巾
Armor_174_Lower;汀空的裤子;汀空的褲子
Armor_174_Upper;汀空的衣服
Armor_175_Upper;蓝色大虾衬衫;藍色大蝦襯衫
Armor_176_Head;克洛格的面具
Armor_177_Head;罗维奥的头巾;羅維奧的頭巾
Armor_178_Head;藏特头盔;藏特頭盔
Armor_179_Head;近卫兵的帽子;近衛兵的帽子
Armor_179_Lower;近卫兵的靴子;近衛兵的靴子
Armor_179_Upper;近卫兵的衣服;近衛兵的衣服
Armor_180_Head;异次元恶灵头盔;異次元惡靈頭盔
Armor_180_Lower;异次元恶灵护胫;異次元惡靈護脛
Armor_180_Upper;异次元恶灵铠甲;異次元惡靈鎧甲
Armor_181_Head;神兽兵装·露塔;神獸兵裝‧露塔
Armor_182_Head;神兽兵装·梅德;神獸兵裝‧梅德
Armor_183_Head;神兽兵装·鲁达尼亚;神獸兵裝‧魯達尼亞
Armor_184_Head;神兽兵装·娜波力斯;神獸兵裝‧娜波力斯
Armor_200_Head;时之勇者帽子;時之勇者帽子
Armor_200_Lower;时之勇者裤子;時之勇者褲子
Armor_200_Upper;时之勇者服;時之勇者服
Armor_205_Head;风之勇者帽子;風之勇者帽子
Armor_205_Lower;风之勇者裤子;風之勇者褲子
Armor_205_Upper;风之勇者服;風之勇者服
Armor_210_Head;黄昏之勇者帽子;黃昏之勇者帽子
Armor_210_Lower;黄昏之勇者裤子;黃昏之勇者褲子
Armor_210_Upper;黄昏之勇者服;黃昏之勇者服
Armor_215_Head;天空之勇者帽子
Armor_215_Lower;天空之勇者裤子;天空之勇者褲子
Armor_215_Upper;天空之勇者服
Armor_220_Head;希克面罩
Armor_225_Head;鬼神帽子
Armor_225_Lower;鬼神靴
Armor_225_Upper;鬼神服
Armor_230_Head;初始之勇者帽子
Armor_230_Lower;初始之勇者裤子;初始之勇者褲子
Armor_230_Upper;初始之勇者服
Animal_Insect_A;速速青蛙
Animal_Insect_AA;精力独角仙;精力獨角仙
Animal_Insect_AB;耐火凤蝶;耐火鳳蝶
Animal_Insect_AG;贴贴青蛙;貼貼青蛙
Animal_Insect_AH;贴贴蜥蜴;貼貼蜥蜴
Animal_Insect_AI;暗萤火虫;闇螢火蟲
Animal_Insect_B;毅力青蛙
Animal_Insect_C;冰冷蜻蜓
Animal_Insect_E;静静萤火虫;靜靜螢火蟲
Animal_Insect_F;妖精
Animal_Insect_G;大剑独角仙;大劍獨角仙
Animal_Insect_H;精力蚱蜢
Animal_Insect_I;酥麻蜻蜓
Animal_Insect_M;生命蜥蜴
Animal_Insect_N;冰冷凤蝶;冰冷鳳蝶
Animal_Insect_P;铠甲独角仙;鎧甲獨角仙
Animal_Insect_Q;暖暖凤蝶;暖暖鳳蝶
Animal_Insect_R;酥麻凤蝶;酥麻鳳蝶
Animal_Insect_S;速速蜥蜴
Animal_Insect_T;暖暖蜻蜓
Animal_Insect_X;耐火蜥蜴
BeeHome;精力蜂的蜂蜜
BombFruit;炸弹花;炸彈花
ConfusionFruit;混乱花;混亂花
ElectricalFruit;电流果;電流果
FireFruit;火焰果
FldObj_Pinecone_A_01;海拉鲁球果;海拉魯毬果
IceFruit;冷气果;冷氣果
Item_Enemy_01;波克布林的牙齿;波克布林的牙齒
Item_Enemy_02;波克布林的肝脏;波克布林的肝臟
Item_Enemy_04;蜥蜴战士的爪子;蜥蜴戰士的爪子
Item_Enemy_05;蜥蜴战士的尾巴;蜥蜴戰士的尾巴
Item_Enemy_07;莫力布林的牙齿;莫力布林的牙齒
Item_Enemy_08;莫力布林的肝脏;莫力布林的肝臟
Item_Enemy_100;霍拉布林的犄角
Item_Enemy_101;蓝色霍拉布林的犄角;藍色霍拉布林的犄角
Item_Enemy_102;黑色霍拉布林的犄角
Item_Enemy_103;白银霍拉布林的犄角;白銀霍拉布林的犄角
Item_Enemy_104;霍拉布林的爪子
Item_Enemy_105;霍拉布林的肝脏;霍拉布林的肝臟
Item_Enemy_106;蜥蜴战士的犄角;蜥蜴戰士的犄角
Item_Enemy_107;蓝色蜥蜴战士的犄角;藍色蜥蜴戰士的犄角
Item_Enemy_108;黑色蜥蜴战士的犄角;黑色蜥蜴戰士的犄角
Item_Enemy_109;白银蜥蜴战士的犄角;白銀蜥蜴戰士的犄角
Item_Enemy_114;蓝色蜥蜴战士的尾巴;藍色蜥蜴戰士的尾巴
Item_Enemy_115;黑色蜥蜴战士的尾巴;黑色蜥蜴戰士的尾巴
Item_Enemy_116;白银蜥蜴战士的尾巴;白銀蜥蜴戰士的尾巴
Item_Enemy_117;火蝙蝠的眼珠
Item_Enemy_118;电蝙蝠的眼珠;電蝙蝠的眼珠
Item_Enemy_119;冰蝙蝠的眼珠
Item_Enemy_121;吉波得的肝脏;吉波得的肝臟
Item_Enemy_123;吉波得的翅膀
Item_Enemy_124;卡库达的翅膀;卡庫達的翅膀
Item_Enemy_13;莱尼尔的蹄子;萊尼爾的蹄子
Item_Enemy_130;左纳乌能源;左納烏能源
Item_Enemy_131;大的左纳乌能源;大的左納烏能源
Item_Enemy_132;蓝色首领波克布林的犄角;藍色首領波克布林的犄角
Item_Enemy_133;黑色首领波克布林的犄角;黑色首領波克布林的犄角
Item_Enemy_134;白银首领波克布林的犄角;白銀首領波克布林的犄角
Item_Enemy_135;首领波克布林的牙齿;首領波克布林的牙齒
Item_Enemy_136;首领波克布林的肝脏;首領波克布林的肝臟
Item_Enemy_14;莱尼尔的肝脏;萊尼爾的肝臟
Item_Enemy_142;西诺克斯的犄角;西諾克斯的犄角
Item_Enemy_143;蓝色西诺克斯的犄角;藍色西諾克斯的犄角
Item_Enemy_144;黑色西诺克斯的犄角;黑色西諾克斯的犄角
Item_Enemy_148;莱尼尔的刃角;萊尼爾的刃角
Item_Enemy_149;蓝鬃莱尼尔的刃角;藍鬃萊尼爾的刃角
Item_Enemy_15;红色丘丘胶;紅色丘丘膠
Item_Enemy_150;白鬃莱尼尔的刃角;白鬃萊尼爾的刃角
Item_Enemy_151;白银莱尼尔的刃角;白銀萊尼爾的刃角
Item_Enemy_153;古栗欧克的火焰犄角;古慄歐克的火焰犄角
Item_Enemy_154;古栗欧克的冰雪犄角;古慄歐克的冰雪犄角
Item_Enemy_155;古栗欧克的雷电犄角;古慄歐克的雷電犄角
Item_Enemy_156;古栗欧克的翅膀;古慄歐克的翅膀
Item_Enemy_157;古栗欧克的肝脏;古慄歐克的肝臟
Item_Enemy_158;白龙的鳞片;白龍的鱗片
Item_Enemy_159;白龙的爪子;白龍的爪子
Item_Enemy_16;黄色丘丘胶;黃色丘丘膠
Item_Enemy_160;白龙的牙齿碎片;白龍的牙齒碎片
Item_Enemy_166;兵队魔像的角;兵隊魔像的角
Item_Enemy_167;兵队魔像的角（中等）;兵隊魔像的角（中等）
Item_Enemy_168;兵队魔像的角（上等）;兵隊魔像的角（上等）
Item_Enemy_169;兵队魔像的角（特等）;兵隊魔像的角（特等）
Item_Enemy_17;白色丘丘胶;白色丘丘膠
Item_Enemy_18;蝙蝠的翅膀
Item_Enemy_181;莱克莱克的胃石;萊克萊克的胃石
Item_Enemy_182;火焰莱克的胃石;火焰萊克的胃石
Item_Enemy_183;电击莱克的胃石;電擊萊克的胃石
Item_Enemy_184;冰雪莱克的胃石;冰雪萊克的胃石
Item_Enemy_186;巨霸迦马的大牙;巨霸迦馬的大牙
Item_Enemy_187;黑曜巨霸迦马的大牙;黑曜巨霸迦馬的大牙
Item_Enemy_188;白苍巨霸迦马的大牙;白蒼巨霸迦馬的大牙
Item_Enemy_189;巨霸迦马的爪子;巨霸迦馬的爪子
Item_Enemy_19;蝙蝠的眼珠
Item_Enemy_190;巨霸迦马的肝脏;巨霸迦馬的肝臟
Item_Enemy_191;队长魔像的角（中等）;隊長魔像的角（中等）
Item_Enemy_192;队长魔像的角（上等）;隊長魔像的角（上等）
Item_Enemy_193;队长魔像的角（特等）;隊長魔像的角（特等）
Item_Enemy_20;八爪怪的脚;八爪怪的腳
Item_Enemy_208;骷髅西诺克斯的犄角;骷髏西諾克斯的犄角
Item_Enemy_21;八爪怪的眼珠
Item_Enemy_210;莫尔德拉吉克的颚骨;莫爾德拉吉克的顎骨
Item_Enemy_211;奥尔龙的犄角;奧爾龍的犄角
Item_Enemy_212;聂尔龙的犄角;聶爾龍的犄角
Item_Enemy_213;费罗龙的犄角;費羅龍的犄角
Item_Enemy_214;白龙的犄角;白龍的犄角
Item_Enemy_215;莱尼尔的碎角;萊尼爾的碎角
Item_Enemy_216;蓝鬃莱尼尔的碎角;藍鬃萊尼爾的碎角
Item_Enemy_217;白鬃莱尼尔的碎角;白鬃萊尼爾的碎角
Item_Enemy_218;白银莱尼尔的碎角;白銀萊尼爾的碎角
Item_Enemy_228;奥尔龙的龙岩石;奧爾龍的龍岩石
Item_Enemy_229;聂尔龙的龙岩石;聶爾龍的龍岩石
Item_Enemy_230;费罗龙的龙岩石;費羅龍的龍岩石
Item_Enemy_231;白龙的龙岩石;白龍的龍岩石
Item_Enemy_24;莫尔德拉吉克的背鳍;莫爾德拉吉克的背鰭
Item_Enemy_25;莫尔德拉吉克的肝脏;莫爾德拉吉克的肝臟
Item_Enemy_32;西诺克斯的指甲;西諾克斯的指甲
Item_Enemy_33;西诺克斯的牙齿;西諾克斯的牙齒
Item_Enemy_34;西诺克斯的肝脏;西諾克斯的肝臟
Item_Enemy_38;奥尔龙的鳞片;奧爾龍的鱗片
Item_Enemy_39;奥尔龙的爪子;奧爾龍的爪子
Item_Enemy_40;丘丘胶;丘丘膠
Item_Enemy_41;喷火蜥蜴战士的尾巴;噴火蜥蜴戰士的尾巴
Item_Enemy_42;吐雹蜥蜴战士的尾巴;吐雹蜥蜴戰士的尾巴
Item_Enemy_43;电麻蜥蜴战士的尾巴;電麻蜥蜴戰士的尾巴
Item_Enemy_44;火蝙蝠的翅膀
Item_Enemy_45;电蝙蝠的翅膀;電蝙蝠的翅膀
Item_Enemy_46;冰蝙蝠的翅膀
Item_Enemy_47;奥尔龙的牙齿碎片;奧爾龍的牙齒碎片
Item_Enemy_49;聂尔龙的鳞片;聶爾龍的鱗片
Item_Enemy_50;聂尔龙的爪子;聶爾龍的爪子
Item_Enemy_51;聂尔龙的牙齿碎片;聶爾龍的牙齒碎片
Item_Enemy_53;费罗龙的鳞片;費羅龍的鱗片
Item_Enemy_54;费罗龙的爪子;費羅龍的爪子
Item_Enemy_55;费罗龙的牙齿碎片;費羅龍的牙齒碎片
Item_Enemy_57;八爪怪气球;八爪怪氣球
Item_Enemy_58;喷火蜥蜴战士的犄角;噴火蜥蜴戰士的犄角
Item_Enemy_59;吐雹蜥蜴战士的犄角;吐雹蜥蜴戰士的犄角
Item_Enemy_60;电麻蜥蜴战士的犄角;電麻蜥蜴戰士的犄角
Item_Enemy_64;首领波克布林的犄角;首領波克布林的犄角
Item_Enemy_66;卡库达的眼珠;卡庫達的眼珠
Item_Enemy_67;队长魔像的角;隊長魔像的角
Item_Enemy_69;吉波得之骨
Item_Enemy_77;波克布林的犄角
Item_Enemy_78;蓝色波克布林的犄角;藍色波克布林的犄角
Item_Enemy_79;黑色波克布林的犄角
Item_Enemy_80;白银波克布林的犄角;白銀波克布林的犄角
Item_Enemy_89;莫力布林的犄角
Item_Enemy_90;蓝色莫力布林的犄角;藍色莫力布林的犄角
Item_Enemy_91;黑色莫力布林的犄角
Item_Enemy_92;白银莫力布林的犄角;白銀莫力布林的犄角
Item_FishGet_A;海拉鲁鲈鱼;海拉魯鱸魚
Item_FishGet_AA;远昔骨舌鱼;遠昔骨舌魚
Item_FishGet_AC;光亮霍拉鱼;光亮霍拉魚
Item_FishGet_B;生命鲈鱼;生命鱸魚
Item_FishGet_C;冰冷鳟鱼;冰冷鱒魚
Item_FishGet_D;酥麻鳟鱼;酥麻鱒魚
Item_FishGet_E;大剑鲤鱼;大劍鯉魚
Item_FishGet_F;大剑鲷鱼;大劍鯛魚
Item_FishGet_G;铠甲鲷鱼;鎧甲鯛魚
Item_FishGet_H;铠甲鲤鱼;鎧甲鯉魚
Item_FishGet_I;生命鲑鱼;生命鮭魚
Item_FishGet_J;暖暖鳟鱼;暖暖鱒魚
Item_FishGet_L;精力鲈鱼;精力鱸魚
Item_FishGet_M;潜行田螺;潛行田螺
Item_FishGet_X;潜行鳟鱼;潛行鱒魚
Item_FishGet_Z;三色鲤鱼;三色鯉魚
Item_Fruit_A;苹果;蘋果
Item_Fruit_B;草莓
Item_Fruit_C;酥麻水果
Item_Fruit_E;速速莲蓬;速速蓮蓬
Item_Fruit_F;冰冷蜜瓜
Item_Fruit_G;椰子
Item_Fruit_H;大剑香蕉;大劍香蕉
Item_Fruit_I;暖暖草果
Item_Fruit_J;铠甲南瓜;鎧甲南瓜
Item_Fruit_K;橡子
Item_Fruit_L;小鸟的树果;小鳥的樹果
Item_Fruit_M;海拉鲁番茄;海拉魯番茄
Item_Fruit_N;向阳南瓜;向陽南瓜
Item_Fruit_P;金苹果;金蘋果
Item_InsectGet_K;大剑螃蟹;大劍螃蟹
Item_InsectGet_O;铠甲螃蟹;鎧甲螃蟹
Item_InsectGet_Z;精力螃蟹
Item_KingScale;王的鳞片;王的鱗片
Item_Material_01;蔗糖
Item_Material_02;鼓隆的调味粉;鼓隆的調味粉
Item_Material_03;海拉鲁米;海拉魯米
Item_Material_04;禽蛋
Item_Material_05;鲜奶;鮮奶
Item_Material_06;山羊黄油;山羊奶油
Item_Material_07;塔邦挞小麦;塔邦撻小麥
Item_Material_08;怪物精华;怪物精華
Item_Material_09;油壶;油壺
Item_Material_10;哈特诺起司;哈特諾起司
Item_Material_11;暗之块;闇之塊
Item_Meat_01;兽肉;獸肉
Item_Meat_02;高级兽肉;高級獸肉
Item_Meat_06;禽肉
Item_Meat_07;高级禽肉;高級禽肉
Item_Meat_11;顶级兽肉;頂級獸肉
Item_Meat_12;顶级禽肉;頂級禽肉
Item_MushroomGet_D;速速蘑菇
Item_MushroomGet_K;光亮蘑菇
Item_Mushroom_A;精力蘑菇
Item_Mushroom_B;冰冷蘑菇
Item_Mushroom_C;暖暖蘑菇
Item_Mushroom_E;海拉鲁蘑菇;海拉魯蘑菇
Item_Mushroom_F;生命松露
Item_Mushroom_H;酥麻蘑菇
Item_Mushroom_J;潜行蘑菇;潛行蘑菇
Item_Mushroom_L;大剑蘑菇;大劍蘑菇
Item_Mushroom_M;铠甲蘑菇;鎧甲蘑菇
Item_Mushroom_N;大生命松露
Item_Mushroom_O;毅力蘑菇
Item_Mushroom_P;天空蘑菇
Item_Ore_A;钻石;鑽石
Item_Ore_B;红宝石;紅寶石
Item_Ore_C;蓝宝石;藍寶石
Item_Ore_D;黄玉;黃玉
Item_Ore_E;蛋白石
Item_Ore_F;琥珀
Item_Ore_G;夜光石
Item_Ore_H;岩盐;岩鹽
Item_Ore_I;打火石
Item_Ore_J;星星碎片
Item_Ore_L;左纳尼乌姆;左納尼烏姆
Item_Ore_M;大的左纳尼乌姆;大的左納尼烏姆
Item_PlantGet_A;海拉鲁草;海拉魯草
Item_PlantGet_B;生命小萝卜;生命小蘿蔔
Item_PlantGet_C;生命大萝卜;生命大蘿蔔
Item_PlantGet_E;冰冷香草
Item_PlantGet_F;暖暖香草
Item_PlantGet_G;大剑草;大劍草
Item_PlantGet_H;铠甲草;鎧甲草
Item_PlantGet_I;潜行草;潛行草
Item_PlantGet_J;宁静公主;寧靜公主
Item_PlantGet_L;酥麻香草
Item_PlantGet_M;速速胡萝卜;速速胡蘿蔔
Item_PlantGet_O;速速紫罗兰;速速紫羅蘭
Item_PlantGet_Q;毅力胡萝卜;毅力胡蘿蔔
Item_PlantGet_R;向阳草;向陽草
Item_PlantGet_S;精力草
Item_PlantGet_U;克洛格的叶子;克洛格的葉子
Item_Weapon_01;古代之刃
LightBall_Large;巨大光亮花的种子;巨大光亮花的種子
LightBall_Small;光亮花的种子;光亮花的種子
LightFruit;闪耀果;閃耀果
Obj_FireWoodBundle;木柴捆
SmokeFruit;烟雾蘑菇;煙霧蘑菇
WaterFruit;水之果
Item_Boiled_01;水煮蛋
Item_ChilledFish_01;冰冻鲈鱼;冰凍鱸魚
Item_ChilledFish_02;冰冻生命鲑鱼;冰凍生命鮭魚
Item_ChilledFish_03;冰冻鳟鱼;冰凍鱒魚
Item_ChilledFish_04;冰冻鲤鱼;冰凍鯉魚
Item_ChilledFish_05;冰冻鲷鱼;冰凍鯛魚
Item_ChilledFish_06;冰冻生命鲈鱼;冰凍生命鱸魚
Item_ChilledFish_07;冰冻螃蟹;冰凍螃蟹
Item_ChilledFish_08;冰冻田螺;冰凍田螺
Item_ChilledFish_16;冰冻骨舌鱼;冰凍骨舌魚
Item_ChilledFish_18;冰冻霍拉鱼;冰凍霍拉魚
Item_Chilled_01;冰冻兽肉;冰凍獸肉
Item_Chilled_02;高级冰冻兽肉;高級冰凍獸肉
Item_Chilled_03;顶级冰冻兽肉;頂級冰凍獸肉
Item_Chilled_04;冰冻禽肉;冰凍禽肉
Item_Chilled_05;高级冰冻禽肉;高級冰凍禽肉
Item_Chilled_06;顶级冰冻禽肉;頂級冰凍禽肉
Item_Cook_A_01;烤蘑菇串
Item_Cook_A_02;蒸蘑菇
Item_Cook_A_03;蒸水果
Item_Cook_A_04;蒸鱼;蒸魚
Item_Cook_A_05;蒸肉
Item_Cook_A_07;水果拌蘑菇
Item_Cook_A_08;烤鱼蘑菇串;烤魚蘑菇串
Item_Cook_A_09;烤肉蘑菇串
Item_Cook_A_10;煎蛋卷
Item_Cook_A_11;甘露炖蘑菇;甘露燉蘑菇
Item_Cook_A_12;甘露炖肉;甘露燉肉
Item_Cook_A_13;甘露炖鱼;甘露燉魚
Item_Cook_A_14;甘露炖蔬菜;甘露燉蔬菜
Item_Cook_B_01;炒野菜
Item_Cook_B_02;炖水果;燉水果
Item_Cook_B_05;烤鱼;烤魚
Item_Cook_B_06;烤肉串
Item_Cook_B_11;大份炒野菜
Item_Cook_B_12;大份炖水果;大份燉水果
Item_Cook_B_13;大份烤蘑菇串
Item_Cook_B_15;大份烤鱼;大份烤魚
Item_Cook_B_16;大份烤肉串
Item_Cook_B_17;海陆煎烤;海陸煎烤
Item_Cook_B_18;高级海陆煎烤;高級海陸煎烤
Item_Cook_B_19;顶级海陆煎烤;頂級海陸煎烤
Item_Cook_B_20;南瓜酿肉;南瓜鑲肉
Item_Cook_B_21;炒暖暖草果
Item_Cook_B_22;炒坚果;炒堅果
Item_Cook_B_23;串烤海鲜;烤海鮮串
Item_Cook_C_16;妖精回力水
Item_Cook_C_17;药;藥
Item_Cook_D_01;盐烤蘑菇;鹽烤蘑菇
Item_Cook_D_02;盐烤野菜;鹽烤野菜
Item_Cook_D_03;盐烤鱼;鹽烤魚
Item_Cook_D_04;岩盐烤肉;岩鹽烤肉
Item_Cook_D_05;高级岩盐烤肉;高級岩鹽烤肉
Item_Cook_D_06;顶级岩盐烤肉;頂級岩鹽烤肉
Item_Cook_D_07;香辣煎肉
Item_Cook_D_08;香辣煎鱼;香辣煎魚
Item_Cook_D_09;岩盐烤蟹;岩鹽烤蟹
Item_Cook_D_10;炒螃蟹
Item_Cook_E_01;禽肉菜饭;禽肉菜飯
Item_Cook_E_02;高级禽肉菜饭;高級禽肉菜飯
Item_Cook_E_03;顶级禽肉菜饭;頂級禽肉菜飯
Item_Cook_E_04;煎蛋饭;煎蛋飯
Item_Cook_F_01;鲜肉牛奶汤;鮮肉牛奶湯
Item_Cook_F_02;海鲜牛奶汤;海鮮牛奶湯
Item_Cook_F_03;蔬菜浓汤;蔬菜濃湯
Item_Cook_F_04;心心牛奶汤;心心牛奶湯
Item_Cook_G_02;海鲜饭团;海鮮飯糰
Item_Cook_G_03;野菜饭团;野菜飯糰
Item_Cook_G_04;蘑菇饭团;蘑菇飯糰
Item_Cook_G_05;兽肉盖饭;獸肉蓋飯
Item_Cook_G_06;高级兽肉盖饭;高級獸肉蓋飯
Item_Cook_G_09;顶级兽肉盖饭;頂級獸肉蓋飯
Item_Cook_G_10;海鲜炒饭;海鮮炒飯
Item_Cook_G_11;咖喱菜饭;咖哩菜飯
Item_Cook_G_12;蘑菇烩饭;蘑菇燉飯
Item_Cook_G_13;蔬菜烩饭;蔬菜燉飯
Item_Cook_G_14;鲑鱼烩饭;鮭魚燉飯
Item_Cook_G_15;鲜肉饭团;鮮肉飯糰
Item_Cook_G_16;蟹肉蛋炒饭;蟹肉蛋炒飯
Item_Cook_G_17;蟹肉烩饭;蟹肉燉飯
Item_Cook_H_01;干煎鱼;乾煎魚
Item_Cook_H_02;干煎鲷鱼;乾煎鯛魚
Item_Cook_H_03;干煎鲑鱼;乾煎鮭魚
Item_Cook_I_01;水果派
Item_Cook_I_02;苹果派;蘋果派
Item_Cook_I_03;蛋挞;蛋撻
Item_Cook_I_04;鲜肉派;鮮肉派
Item_Cook_I_05;胡萝卜蛋糕;胡蘿蔔蛋糕
Item_Cook_I_06;南瓜蛋糕
Item_Cook_I_07;黄油苹果;奶油蘋果
Item_Cook_I_08;蜂蜜苹果;蜂蜜蘋果
Item_Cook_I_09;蜂蜜水果
Item_Cook_I_10;原味可丽饼;原味可麗餅
Item_Cook_I_11;草莓可丽饼;草莓可麗餅
Item_Cook_I_12;坚果蛋糕;堅果蛋糕
Item_Cook_I_13;炸香蕉
Item_Cook_I_14;鲜蛋布丁;鮮蛋布丁
Item_Cook_I_15;鱼肉派;魚肉派
Item_Cook_I_16;蜂蜜糖
Item_Cook_I_17;蜂蜜可丽饼;蜂蜜可麗餅
Item_Cook_J_01;咖喱饭;咖哩飯
Item_Cook_J_02;蔬菜咖喱饭;蔬菜咖哩飯
Item_Cook_J_03;海鲜咖喱饭;海鮮咖哩飯
Item_Cook_J_04;禽肉咖喱饭;禽肉咖哩飯
Item_Cook_J_05;高级禽肉咖喱饭;高級禽肉咖哩飯
Item_Cook_J_06;兽肉咖喱饭;獸肉咖哩飯
Item_Cook_J_07;高级兽肉咖喱饭;高級獸肉咖哩飯
Item_Cook_J_08;顶级禽肉咖喱饭;頂級禽肉咖哩飯
Item_Cook_J_09;顶级兽肉咖喱饭;頂級獸肉咖哩飯
Item_Cook_K_01;炖肉;燉肉
Item_Cook_K_02;高级炖肉;高級燉肉
Item_Cook_K_03;南瓜炖菜;南瓜燉菜
Item_Cook_K_04;贝肉杂烩;貝肉雜燴
Item_Cook_K_05;顶级炖肉;頂級燉肉
Item_Cook_K_06;蘑菇牛奶汤;蘑菇牛奶湯
Item_Cook_K_07;蔬菜牛奶汤;蔬菜牛奶湯
Item_Cook_K_08;胡萝卜炖菜;胡蘿蔔燉菜
Item_Cook_K_09;热牛奶;熱牛奶
Item_Cook_L_01;炖怪物;燉怪物
Item_Cook_L_02;怪物汤;怪物湯
Item_Cook_L_03;怪物蛋糕
Item_Cook_L_04;怪物饭团;怪物飯糰
Item_Cook_L_05;怪物咖喱饭;怪物咖哩飯
Item_Cook_M_01;小麦面包;小麥麵包
Item_Cook_N_01;海鲜杂烩饭;海鮮雜燴飯
Item_Cook_N_02;水果蛋糕
Item_Cook_N_03;蔬菜煎蛋卷
Item_Cook_N_04;蘑菇煎蛋卷
Item_Cook_O_01;奇异的菜肴;奇異的菜餚
Item_Cook_O_02;过硬的菜肴;過硬的菜餚
Item_Cook_P_01;炒香蘑菇;炒香菇
Item_Cook_P_02;炒香草
Item_Cook_P_03;烤兽肉串;烤獸肉串
Item_Cook_P_04;高级烤兽肉串;高級烤獸肉串
Item_Cook_P_05;顶级烤兽肉串;頂級烤獸肉串
Item_Cook_Q_01;炖番茄;燉番茄
Item_Cook_Q_02;番茄汤;番茄湯
Item_Cook_Q_03;蒸野菜番茄
Item_Cook_Q_04;炖蘑菇番茄;燉蘑菇番茄
Item_Cook_Q_05;海鲜番茄汤;海鮮番茄湯
Item_Cook_Q_06;原烧;原燒
Item_Cook_Q_07;炒黄油;炒奶油
Item_Cook_Q_08;啪啦啪啦炒饭;啪啦啪啦炒飯
Item_Cook_Q_09;起司蛋糕
Item_Cook_Q_10;起司烩饭;起司燉飯
Item_Cook_R_01;起司煎蛋卷
Item_Cook_R_02;野菜牛奶粥
Item_Cook_R_03;芭伊遇上伯伊
Item_Cook_R_04;番茄披萨;番茄披薩
Item_Cook_R_05;油炖海鲜;油燉海鮮
Item_Cook_R_06;油炸禽肉
Item_Cook_R_07;油炸高级禽肉;油炸高級禽肉
Item_Cook_R_08;油炸顶级禽肉;油炸頂級禽肉
Item_Cook_R_09;黏糊糊起司面包;黏糊糊起司麵包
Item_Cook_R_10;鲜鱼起司焗烤;鮮魚起司焗烤
Item_Cook_S_01;起司咖喱;起司咖哩
Item_Cook_S_02;起司兽肉盖饭;起司獸肉蓋飯
Item_Cook_S_03;起司高级兽肉盖饭;起司高級獸肉蓋飯
Item_Cook_S_04;起司顶级兽肉盖饭;起司頂級獸肉蓋飯
Item_Cook_S_05;魔人炖煮;魔人燉煮
Item_Cook_S_06;魔人饭团;魔人飯糰
Item_Cook_S_07;魔人汤;魔人湯
Item_Cook_S_08;魔人咖喱饭;魔人咖哩飯
Item_Cook_S_09;魔人蛋糕
Item_Cook_S_10;起司番茄
Item_RoastFish_01;烤鲈鱼;烤鱸魚
Item_RoastFish_02;烤生命鲈鱼;烤生命鱸魚
Item_RoastFish_03;烤鳟鱼;烤鱒魚
Item_RoastFish_04;烤生命鲑鱼;烤生命鮭魚
Item_RoastFish_07;烤鲤鱼;烤鯉魚
Item_RoastFish_09;烤鲷鱼;烤鯛魚
Item_RoastFish_13;烤潜行田螺;烤潛行田螺
Item_RoastFish_15;烤螃蟹
Item_RoastFish_16;烤骨舌鱼;烤骨舌魚
Item_RoastFish_18;烤霍拉鱼;烤霍拉魚
Item_Roast_01;烤兽肉;烤獸肉
Item_Roast_02;烤禽肉
Item_Roast_03;烤苹果;烤蘋果
Item_Roast_04;烤精力蘑菇
Item_Roast_05;烤生命松露
Item_Roast_06;烤海拉鲁蘑菇;烤海拉魯蘑菇
Item_Roast_07;烤草莓
Item_Roast_08;烤酥麻水果
Item_Roast_10;烤椰子
Item_Roast_11;烤大剑香蕉;烤大劍香蕉
Item_Roast_12;烤冰冷蜜瓜
Item_Roast_13;烤暖暖草果
Item_Roast_15;烤铠甲南瓜;烤鎧甲南瓜
Item_Roast_16;烤速速莲蓬;烤速速蓮蓬
Item_Roast_18;烤小萝卜;烤小蘿蔔
Item_Roast_19;烤大萝卜;烤大蘿蔔
Item_Roast_24;烤速速胡萝卜;烤速速胡蘿蔔
Item_Roast_27;烤大剑草;烤大劍草
Item_Roast_28;烤铠甲草;烤鎧甲草
Item_Roast_31;烤冰冷蘑菇
Item_Roast_32;烤暖暖蘑菇
Item_Roast_33;烤酥麻蘑菇
Item_Roast_36;烤速速蘑菇
Item_Roast_37;烤大剑蘑菇;烤大劍蘑菇
Item_Roast_38;烤铠甲蘑菇;烤鎧甲蘑菇
Item_Roast_39;烤潜行蘑菇;烤潛行蘑菇
Item_Roast_40;烤高级兽肉;烤高級獸肉
Item_Roast_41;烤高级禽肉;烤高級禽肉
Item_Roast_45;烤顶级兽肉;烤頂級獸肉
Item_Roast_46;烤顶级禽肉;烤頂級禽肉
Item_Roast_48;烤橡子
Item_Roast_49;烤大生命松露
Item_Roast_50;烤毅力胡萝卜;烤毅力胡蘿蔔
Item_Roast_51;烤蛋
Item_Roast_52;烤树果;烤樹果
Item_Roast_53;烤毅力蘑菇
Item_Roast_54;烤海拉鲁番茄;烤海拉魯番茄
Item_Roast_55;烤向阳南瓜;烤向陽南瓜
Item_Roast_56;烤天空蘑菇
Item_Roast_58;烤光亮蘑菇
Item_Roast_59;烤金苹果;烤金蘋果
SpObj_BalloonEnvelope_A_01;热气球;熱氣球
SpObj_Beamos_A_01;光线头;光線頭
SpObj_Cannon_A_01;大炮
SpObj_Cart_A_01;平台车;平台車
SpObj_Chaser_A_01;追踪平台车;追蹤平台車
SpObj_ControlStick_A_01;操纵杆;操縱桿
SpObj_CookSetOnFire_A_01;便携锅;便攜鍋
SpObj_ElectricBoxGenerator;雷龙头;雷龍頭
SpObj_EnergyBank_A_01;备用电池;備用電池
SpObj_EnergyBank_A_02;大容量电池;大容量電池
SpObj_FastWheel_A_01;小轮胎;小輪胎
SpObj_SwitchWheel_B_01;大轮胎;大輪胎
SpObj_FlameThrower_A_01;火龙头;火龍頭
SpObj_FlashLight_A_01;灯;燈
SpObj_FloatingStone_A_01;浮游石;浮遊石
SpObj_GolemHead_A_01;魔像的头部;魔像的頭部
SpObj_LiftGeneratorWing_A_01;翼
SpObj_WaterPump_A_01;放水栓
SpObj_LightMirror_A_01;镜子;鏡子
SpObj_Pile_A_01;桩;樁
SpObj_Rocket_A_01;火箭
SpObj_SlipBoard_A_01;滑橇
SpObj_SnowMachine_A_01;冰龙头;冰龍頭
SpObj_SpringPiston_A_01;弹簧;彈簧
SpObj_TiltingDoll_A_01;不倒翁
SpObj_TimerBomb_A_01;计时炸弹;計時炸彈
SpObj_WindGenerator_A_01;风扇机;風扇機
CaveMasterMedal;魔犹伊的遗失物;魔猶伊的遺失物
Energy_Material_01;左纳乌能源结晶;左納烏能源結晶
Energy_Material_03;左纳乌能源大结晶;左納烏能源大結晶
Energy_Material_04;左纳乌能源特大结晶;左納烏能源特大結晶
GameRomHorseReins_01;旅人缰绳;旅人韁繩
GameRomHorseReins_02;王族缰绳;王族韁繩
GameRomHorseReins_03;骑士缰绳;騎士韁繩
GameRomHorseReins_04;怪物缰绳;怪物韁繩
GameRomHorseReins_05;奢华缰绳;奢華韁繩
GameRomHorseSaddle_01;旅人马鞍;旅人馬鞍
GameRomHorseSaddle_02;王族马鞍;王族馬鞍
GameRomHorseSaddle_03;骑士马鞍;騎士馬鞍
GameRomHorseSaddle_04;怪物马鞍;怪物馬鞍
GameRomHorseSaddle_05;奢华马鞍;奢華馬鞍
GameRomHorseSaddle_07;牵引挽具;牽引挽具
Item_StableHostelAccommodationCoupon_A;驿站住宿券;驛站住宿券
KeySmall;小钥匙;小鑰匙
MinusRupee_00;魄
MinusRupee_01;大魄
MinusRupee_02;特大魄
Obj_AutoBuilderDraftAssassin_00;依盖队设计图;依蓋隊設計圖
Obj_AutoBuilderDraft_00;设计图石板;設計圖石板
Obj_Camera;照相机;照相機
Obj_CaveWellHonor_00;周游列井的纪念品;周遊列井的記念品
Obj_CheckPointHonor_00;通过黑暗的证明;通過黑闇的證明
Obj_DRStone_Get;普尔亚平板;普爾亞平板
Obj_DefeatHonor_00;讨伐岩石巨人勋章;討伐岩石巨人勳章
Obj_DefeatHonor_01;讨伐西诺克斯勋章;討伐西諾克斯勳章
Obj_DefeatHonor_02;讨伐莫尔德拉吉克勋章;討伐莫爾德拉吉克勳章
Obj_DefeatHonor_03;讨伐巨霸迦马勋章;討伐巨霸迦馬勳章
Obj_DefeatHonor_04;讨伐方块魔像勋章;討伐方塊魔像勳章
Obj_DefeatHonor_05;讨伐古栗欧克勋章;討伐古慄歐克勳章
Obj_DungeonClearSeal;祝福之光
Obj_EnergyUtuwa_A_01;附加电池;附加電池
Obj_HeartUtuwa_A_01;心之容器
Obj_HiddenScroll_00;土遁之书;土遁之書
Obj_KorokNuts;克洛格的果实;克洛格的果實
Obj_Photo_Animal;生物的照片
Obj_Photo_BossEnemy;强敌的照片;強敵的照片
Obj_Photo_Enemy;怪物的照片
Obj_Photo_Material;材料的照片
Obj_Photo_Other;宝物的照片;寶物的照片
Obj_Photo_Weapon;武器的照片
Obj_ProofKorok;伯库林的果实;伯庫林的果實
Obj_SageSoulPlus_Gerudo;和雷之贤者露珠的牢固盟约;和雷之賢者露珠的牢固盟約
Obj_SageSoulPlus_Goron;和火之贤者阿沅的牢固盟约;和火之賢者阿沅的牢固盟約
Obj_SageSoulPlus_Rito;和风之贤者丘栗的牢固盟约;和風之賢者丘栗的牢固盟約
Obj_SageSoulPlus_Zonau;和魂之贤者米涅鲁的牢固盟约;和魂之賢者米涅魯的牢固盟約
Obj_SageSoulPlus_Zora;和水之贤者希多的牢固盟约;和水之賢者希多的牢固盟約
Obj_SageSoul_Gerudo;和雷之贤者露珠的盟约;和雷之賢者露珠的盟約
Obj_SageSoul_Goron;和火之贤者阿沅的盟约;和火之賢者阿沅的盟約
Obj_SageSoul_Rito;和风之贤者丘栗的盟约;和風之賢者丘栗的盟約
Obj_SageSoul_Zonau;和魂之贤者米涅鲁的盟约;和魂之賢者米涅魯的盟約
Obj_SageSoul_Zora;和水之贤者希多的盟约;和水之賢者希多的盟約
Obj_SageWill;贤者的遗志;賢者的遺志
Obj_StableHostlePointCard;驿站点数卡;驛站點數卡
Obj_StaminaUtuwa_A_01;精力容器
Obj_SubstituteCloth_00;鼓隆族的布料
Obj_SubstituteCloth_01;卓拉族的布料
Obj_SubstituteCloth_02;格鲁德族的布料;格魯德族的布料
Obj_SubstituteCloth_03;海拉鲁王族的布料;海拉魯王族的布料
Obj_SubstituteCloth_04;左纳乌的布料;左納烏的布料
Obj_SubstituteCloth_05;希卡族的布料
Obj_SubstituteCloth_06;依盖队的布料;依蓋隊的布料
Obj_SubstituteCloth_07;讨伐队的布料;討伐隊的布料
Obj_SubstituteCloth_08;左纳乌调查队的布料;左納烏調查隊的布料
Obj_SubstituteCloth_09;马神大人的布料;馬神大人的布料
Obj_SubstituteCloth_10;沃托里村的布料
Obj_SubstituteCloth_11;白诘报社的布料;白詰報社的布料
Obj_SubstituteCloth_12;松达建筑店的布料;松達建築店的布料
Obj_SubstituteCloth_13;柯尔天亲手制作的布料;柯爾天親手製作的布料
Obj_SubstituteCloth_14;克洛格族的布料
Obj_SubstituteCloth_15;帝灰熊的布料
Obj_SubstituteCloth_16;洛贝利亲手制作的布料;洛貝利親手製作的布料
Obj_SubstituteCloth_17;SAGONO的布料
Obj_SubstituteCloth_18;卡库达的布料;卡庫達的布料
Obj_SubstituteCloth_19;奥尔汀鸵鸟的布料;奧爾汀鴕鳥的布料
Obj_SubstituteCloth_20;咕咕鸡的布料;咕咕雞的布料
Obj_SubstituteCloth_21;马的布料;馬的布料
Obj_SubstituteCloth_22;丘丘的布料
Obj_SubstituteCloth_23;莱尼尔的布料;萊尼爾的布料
Obj_SubstituteCloth_24;古栗欧克的布料;古慄歐克的布料
Obj_SubstituteCloth_25;骷髅西诺克斯的布料;骷髏西諾克斯的布料
Obj_SubstituteCloth_26;回忆服的布料;回憶服的布料
Obj_SubstituteCloth_27;海利亚兜帽的布料;海利亞兜帽的布料
Obj_SubstituteCloth_28;海拉鲁公主的布料;海拉魯公主的布料
Obj_SubstituteCloth_29;鼓隆英杰的布料;鼓隆英傑的布料
Obj_SubstituteCloth_30;利特英杰的布料;利特英傑的布料
Obj_SubstituteCloth_31;卓拉英杰的布料;卓拉英傑的布料
Obj_SubstituteCloth_32;格鲁德英杰的布料;格魯德英傑的布料
Obj_SubstituteCloth_33;古代希卡花纹的布料;古代希卡花紋的布料
Obj_SubstituteCloth_34;波克布林的布料
Obj_SubstituteCloth_35;魔王的布料
Obj_SubstituteCloth_36;赤狮子王的布料;赤獅子王的布料
Obj_SubstituteCloth_37;希克的布料
Obj_SubstituteCloth_38;阴影之镜的布料;陰影之鏡的布料
Obj_SubstituteCloth_39;黄昏公主的布料;黃昏公主的布料
Obj_SubstituteCloth_40;荣蓉牧场的布料;榮蓉牧場的布料
Obj_SubstituteCloth_41;魔吉拉的面具的布料
Obj_SubstituteCloth_43;灭亡王族的布料;滅亡王族的布料
Obj_SubstituteCloth_45;剑之精灵的布料;劍之精靈的布料
Obj_SubstituteCloth_46;点阵的布料;點陣的布料
Obj_SubstituteCloth_48;蛋图案的布料;蛋圖案的布料
Obj_SubstituteCloth_49;女神的布料
Obj_SubstituteCloth_51;新式·英杰服的布料;新式‧英傑服的布料
Obj_SubstituteCloth_52;塞尔达公主的布料;薩爾達公主的布料
Obj_SubstituteCloth_53;格鲁德王的布料;格魯德王的布料
Obj_SubstituteCloth_55;熟悉图案的布料;熟悉圖案的布料
Obj_SubstituteCloth_56;卡邦达亲手制作的布料;卡邦達親手製作的布料
Obj_SubstituteCloth_Default;普通的布料
Obj_TreasureMap_00;残旧的地图;殘舊的地圖
Obj_WarpDLC_Prototype;试制的传送标记器;試製的傳送標記器
Parasail;滑翔帆;滑翔傘